<Customization level="" description="" product-version="21.106">
    <File AppRelativePath="Bin\DynamicTypesProj.dll" />
    <File AppRelativePath="Pages\CW\CWGB2003.aspx" />
    <File AppRelativePath="Pages\CW\CWGB2003.aspx.cs" />
    <SiteMapNode>
        <data-set>
            <relations format-version="3" relations-version="20190730" main-table="SiteMap">
                <link from="MUIScreen (NodeID)" to="SiteMap (NodeID)" />
                <link from="MUIWorkspace (WorkspaceID)" to="MUIScreen (WorkspaceID)" type="FromMaster" linkname="workspaceToScreen" split-location="yes" updateable="True" />
                <link from="MUISubcategory (SubcategoryID)" to="MUIScreen (SubcategoryID)" type="FromMaster" updateable="True" />
                <link from="MUITile (ScreenID)" to="SiteMap (ScreenID)" />
                <link from="MUIWorkspace (WorkspaceID)" to="MUITile (WorkspaceID)" type="FromMaster" linkname="workspaceToTile" split-location="yes" updateable="True" />
                <link from="MUIArea (AreaID)" to="MUIWorkspace (AreaID)" type="FromMaster" updateable="True" />
                <link from="MUIPinnedScreen (NodeID, WorkspaceID)" to="MUIScreen (NodeID, WorkspaceID)" type="WeakIfEmpty" isEmpty="Username" />
                <link from="MUIFavoriteWorkspace (WorkspaceID)" to="MUIWorkspace (WorkspaceID)" type="WeakIfEmpty" isEmpty="Username" />
            </relations>
            <layout>
                <table name="SiteMap">
                    <table name="MUIScreen" uplink="(NodeID) = (NodeID)">
                        <table name="MUIPinnedScreen" uplink="(NodeID, WorkspaceID) = (NodeID, WorkspaceID)" />
                    </table>
                    <table name="MUITile" uplink="(ScreenID) = (ScreenID)" />
                </table>
                <table name="MUIWorkspace">
                    <table name="MUIFavoriteWorkspace" uplink="(WorkspaceID) = (WorkspaceID)" />
                </table>
                <table name="MUISubcategory" />
                <table name="MUIArea" />
            </layout>
            <data>
                <SiteMap>
                    <row Title="Types Input" Url="~/Pages/CW/CWGB2003.aspx" ScreenID="CWGB2003" NodeID="572b004d-356d-406f-b7eb-1d654436b88a" ParentID="00000000-0000-0000-0000-000000000000" />
                </SiteMap>
            </data>
        </data-set>
    </SiteMapNode>
    <Sql TableName="DynamicallyDac" TableSchemaXml="#CDATA">
        <CDATA name="TableSchemaXml"><![CDATA[<table name="DynamicallyDac">
  <col name="Value" type="NVarChar(60)" nullable="true" />
  <col name="Index" type="Int" />
  <col name="Type" type="NVarChar(50)" nullable="true" />
  <index name="PK_DynamicallyDac" clustered="true" primary="true" unique="true">
    <col name="Index" />
  </index>
</table>]]></CDATA>
    </Sql>
</Customization>